CY2024 Elect,,,,,,,,,,,,,,,,,,,,,,
BUILDING NAME,ECMC ,RPC,TRCC,E1,E2,E3 (incl Agora Library),E4,E5,E6,W1,W2,W3,"W4, Agora Hall",W5,W6,Sports Complex ,The Arch (1&2),Green House,Blk 43,RPIC,XLC,ALC
January," 462,871.00 "," 56,999.00 "," 68,134.00 "," 106,671.00 "," 35,485.00 "," 59,736.00 "," 59,561.00 "," 75,432.00 "," 31,362.00 "," 31,534.00 "," 69,740.00 "," 41,510.00 "," 81,761.00 "," 46,021.00 "," 54,382.00 "," 61,506.00 "," 22,656.00 "," 9,577.00 "," 137,564.00 "," 43,467.00 "," 1,401.00 ", 603.00 
February," 449,967.00 "," 52,535.00 "," 74,824.00 "," 95,093.00 "," 29,709.00 "," 57,444.00 "," 53,512.00 "," 69,966.00 "," 28,079.00 "," 28,039.00 "," 66,465.00 "," 36,954.00 "," 72,867.00 "," 47,606.00 "," 46,806.00 "," 56,786.00 "," 19,153.00 "," 11,713.00 "," 133,434.00 "," 51,394.00 ", 755.00 , 562.00 
March," 407,459.00 "," 54,778.00 "," 75,158.00 "," 94,464.00 "," 25,296.00 "," 50,618.00 "," 51,341.00 "," 69,204.00 "," 22,544.00 "," 25,205.00 "," 68,173.00 "," 34,576.00 "," 65,679.00 "," 46,256.00 "," 36,624.00 "," 50,921.00 "," 22,481.00 "," 12,545.00 "," 147,015.00 "," 48,728.00 "," 1,096.00 ", 625.00 
April," 545,707.00 "," 59,655.00 "," 87,359.00 "," 106,431.00 "," 33,337.00 "," 59,635.00 "," 59,920.00 "," 75,248.00 "," 29,657.00 "," 30,644.00 "," 72,751.00 "," 42,270.00 "," 81,395.00 "," 54,437.00 "," 52,775.00 "," 62,275.00 "," 23,913.00 "," 12,566.00 "," 140,046.00 "," 47,949.00 "," 1,004.00 ", 636.00 
May," 565,550.00 "," 59,051.00 "," 92,516.00 "," 109,194.00 "," 33,754.00 "," 61,428.00 "," 60,953.00 "," 73,672.00 "," 34,353.00 "," 31,351.00 "," 72,789.00 "," 48,498.00 "," 89,470.00 "," 56,833.00 "," 62,867.00 "," 63,149.00 "," 25,677.00 "," 11,875.00 "," 150,095.00 "," 52,472.00 "," 1,193.00 ", 604.00 
June," 428,747.00 "," 52,216.00 "," 80,928.00 "," 96,367.00 "," 25,720.00 "," 52,744.00 "," 54,496.00 "," 67,750.00 "," 25,600.00 "," 24,219.00 "," 67,337.00 "," 37,237.00 "," 68,921.00 "," 46,503.00 "," 44,823.00 "," 54,195.00 "," 20,485.00 "," 9,074.00 "," 145,412.00 "," 49,979.00 ", 646.00 , 588.00 
July," 565,024.00 "," 62,648.00 "," 88,811.00 "," 115,912.00 "," 35,690.00 "," 64,838.00 "," 61,988.00 "," 75,655.00 "," 34,587.00 "," 37,557.00 "," 82,370.00 "," 48,516.00 "," 93,744.00 "," 57,422.00 "," 66,734.00 "," 64,743.00 "," 26,344.00 "," 10,022.00 "," 150,524.00 "," 52,583.00 "," 1,197.00 ", 538.00 
August," 493,996.00 "," 57,889.00 "," 81,203.00 "," 109,923.00 "," 28,918.00 "," 61,176.00 "," 59,458.00 "," 72,113.00 "," 29,626.00 "," 29,524.00 "," 69,345.00 "," 40,865.00 "," 83,856.00 "," 53,681.00 "," 53,562.00 "," 52,200.00 "," 22,037.00 "," 10,394.00 "," 146,787.00 "," 48,787.00 ", 932.00 , 511.00 
September," 406,172.00 "," 51,831.00 "," 80,843.00 "," 92,104.00 "," 23,978.00 "," 51,038.00 "," 53,274.00 "," 61,284.00 "," 22,096.00 "," 23,230.00 "," 63,733.00 "," 31,353.00 "," 62,258.00 "," 43,896.00 "," 40,082.00 "," 51,943.00 "," 19,593.00 "," 10,173.00 "," 131,423.00 "," 45,961.00 ", 892.00 , 473.00 
October," 453,847.00 "," 56,237.00 "," 97,568.00 "," 104,274.00 "," 31,016.00 "," 58,076.00 "," 63,576.00 "," 65,523.00 "," 28,169.00 "," 30,164.00 "," 78,054.00 "," 41,273.00 "," 82,259.00 "," 55,629.00 "," 54,504.00 "," 58,946.00 "," 23,509.00 "," 13,729.00 "," 134,031.00 "," 48,376.00 ", 993.00 , 532.00 
November," 490,826.00 "," 57,990.00 "," 97,918.00 "," 105,891.00 "," 32,951.00 "," 62,101.00 "," 67,272.00 "," 68,017.00 "," 32,036.00 "," 34,183.00 "," 79,346.00 "," 45,431.00 "," 85,547.00 "," 58,551.00 "," 56,859.00 "," 59,938.00 "," 22,159.00 "," 12,278.00 "," 116,859.00 "," 45,267.00 "," 1,542.00 ", 394.00 
December," 409,305.21 "," 49,441.63 "," 91,089.37 "," 91,566.48 "," 25,992.83 "," 52,492.71 "," 60,848.35 "," 61,320.97 "," 24,538.47 "," 25,476.45 "," 73,828.70 "," 35,665.48 "," 68,214.93 "," 51,664.81 "," 40,364.08 "," 56,341.60 "," 20,955.82 "," 17,296.00 "," 109,219.24 "," 44,715.56 ", 984.26 , 273.32 
,,,,,,,,,,,,,,,,,,,,,,
CY2025 Elect,,,,,,,,,,,,,,,,,,,,,,
BUILDING NAME,ECMC ,RPC,TRCC,E1,E2,E3 (incl Agora Library),E4,E5,E6,W1,W2,W3,"W4, Agora Hall",W5,W6,Sports Complex ,The Arch (1&2),Green House,Blk 43,RPIC,XLC,ALC
January," 390,393.33 "," 50,631.78 "," 74,464.22 "," 99,738.80 "," 32,286.20 "," 55,259.72 "," 61,005.97 "," 64,595.36 "," 33,787.11 "," 31,824.48 "," 72,516.96 "," 41,502.52 "," 78,627.78 "," 52,527.90 "," 51,834.47 "," 55,087.44 "," 21,688.63 "," 14,290.96 "," 99,387.74 "," 45,730.36 "," 1,059.95 ", 224.15 
February," 406,863.73 "," 50,662.57 "," 73,249.43 "," 93,217.91 "," 27,742.98 "," 55,943.33 "," 53,480.16 "," 56,883.69 "," 31,569.31 "," 32,136.20 "," 71,555.69 "," 39,481.39 "," 76,519.72 "," 48,462.07 "," 48,656.82 "," 51,912.16 "," 19,813.95 "," 14,241.52 "," 92,363.92 "," 43,861.08 ", 956.38 , 249.72 
March," 372,881.77 "," 53,289.69 "," 81,953.31 "," 91,685.84 "," 25,439.91 "," 47,549.35 "," 54,121.85 "," 57,436.08 "," 26,868.28 "," 26,341.78 "," 69,452.84 "," 37,479.36 "," 70,671.95 "," 47,076.54 "," 37,709.58 "," 56,619.66 "," 22,542.79 "," 16,887.52 "," 98,587.08 "," 48,133.72 "," 1,147.61 ", 266.49 
April," 415,335.01 "," 57,470.82 "," 77,166.18 "," 96,191.47 "," 31,607.92 "," 54,270.68 "," 56,490.92 "," 58,803.13 "," 30,282.45 "," 30,187.38 "," 75,572.71 "," 42,624.79 "," 78,064.86 "," 51,514.12 "," 48,274.78 "," 56,634.66 "," 20,361.06 "," 16,398.96 "," 93,455.88 "," 46,117.32 "," 1,008.20 ", 105.27 
May," 496,705.52 "," 62,709.66 "," 86,846.24 "," 107,402.69 "," 36,681.27 "," 66,072.50 "," 63,354.39 "," 66,286.04 "," 36,121.42 "," 36,899.29 "," 86,113.20 "," 50,636.48 "," 89,946.18 "," 57,227.82 "," 62,988.11 "," 59,019.02 "," 25,601.99 "," 20,732.00 "," 108,540.44 "," 52,797.46 "," 1,067.71 ", 50.31 
June," 476,147.71 "," 57,174.68 "," 74,832.32 "," 100,680.77 "," 33,168.38 "," 62,314.83 "," 59,557.50 "," 61,871.63 "," 31,464.22 "," 30,573.94 "," 80,476.03 "," 47,374.21 "," 79,290.52 "," 53,847.34 "," 54,094.34 "," 58,257.68 "," 25,437.84 "," 21,101.52 "," 102,131.20 "," 50,157.10 ", 750.84 , 18.70 
July," 531,020.52 "," 68,032.37 "," 82,393.63 "," 115,645.78 "," 39,612.78 "," 69,138.44 "," 65,840.30 "," 68,962.78 "," 40,338.33 "," 38,278.44 "," 89,256.29 "," 51,949.89 "," 91,738.37 "," 63,963.23 "," 71,127.47 "," 67,906.79 "," 27,556.12 "," 21,418.00 "," 116,120.52 "," 55,241.08 "," 1,430.55 ", 135.91 
August," 435,929.54 "," 60,850.13 "," 71,179.87 "," 98,377.71 "," 31,329.72 "," 66,289.02 "," 56,374.71 "," 67,592.38 "," 33,064.46 "," 32,878.02 "," 80,825.78 "," 44,482.28 "," 78,228.53 "," 55,413.76 "," 54,398.15 "," 61,150.42 "," 20,999.18 "," 21,188.48 "," 98,186.82 "," 50,587.88 "," 1,173.06 ", 197.98 
September,,,,,,,,,,,,,,,,,,,,,,
October,,,,,,,,,,,,,,,,,,,,,,
November,,,,,,,,,,,,,,,,,,,,,,
December,,,,,,,,,,,,,,,,,,,,,,